concept,database,status,n_rows,n_nonnull,min,max
hr,miiv,OK,25772,25772,0.0,231.5
hr,mimic,OK,28084,28084,0.0,202.0
hr,eicu,OK,20578,20549,0.0,192.0
hr,aumc,OK,29682,29682,0.0,195.0
hr,hirid,OK,15418,15418,0.0,160.0
hr,sic,OK,26717,26717,25.0,248.25
map,miiv,OK,24637,24637,3.0,249.0
map,mimic,OK,23531,23531,0.0,226.0
map,eicu,OK,19320,19320,2.0,185.0
map,aumc,OK,27699,27699,0.0,244.0
map,hirid,OK,15205,15205,0.0,157.0
map,sic,OK,26662,26662,15.11769962310791,242.94700622558594
resp,miiv,OK,25595,25595,0.0,66.0
resp,mimic,OK,23936,23936,0.0,88.0
resp,eicu,OK,20578,17704,0.0,73.5
resp,aumc,OK,27355,27355,0.0,98.0
resp,hirid,OK,11189,11189,0.0,61.94999694824219
resp,sic,OK,8862,8862,1.0,51.228599548339844
temp,miiv,OK,7753,7753,32.29999923706055,40.70000076293945
temp,mimic,OK,7665,7665,33.05557632446289,40.27779006958008
temp,eicu,OK,20578,2190,33.20000076293945,39.900001525878906
temp,aumc,OK,3038,3038,32.0,38.70000076293945
temp,hirid,OK,3348,3348,32.70000076293945,40.099998474121094
temp,sic,OK,23070,23070,32.00299835205078,41.70000076293945
lact,miiv,OK,1308,1308,0.4000000059604645,20.200000762939453
lact,mimic,OK,803,803,0.30000001192092896,27.700000762939453
lact,eicu,OK,302,302,0.4000000059604645,25.299999237060547
lact,aumc,OK,1583,1583,0.30000001192092896,27.0
lact,hirid,OK,1859,1859,0.4000000059604645,20.0
lact,sic,OK,8482,8482,0.0,20.09000015258789
crea,miiv,OK,3496,3496,0.20000000298023224,14.699999809265137
crea,mimic,OK,3189,3189,0.20000000298023224,13.699999809265137
crea,eicu,OK,2094,2094,0.10999999940395355,13.859999656677246
crea,aumc,OK,2394,2394,0.16963499784469604,11.795287132263184
crea,hirid,OK,635,635,0.28280001878738403,7.0473761558532715
crea,sic,OK,2044,2044,0.25999999046325684,11.199999809265137
bili,miiv,OK,1028,1028,0.10000000149011612,21.799999237060547
bili,mimic,OK,701,701,0.10000000149011612,15.899999618530273
bili,eicu,OK,564,564,0.10000000149011612,18.299999237060547
bili,aumc,OK,631,631,0.11693400144577026,22.919063568115234
bili,hirid,OK,229,229,0.1754010021686554,23.38680076599121
bili,sic,OK,635,635,0.20000000298023224,16.350000381469727
plt,miiv,OK,3344,3344,6.0,1181.0
plt,mimic,OK,2984,2984,5.0,1195.0
plt,eicu,OK,1837,1837,10.0,1001.0
plt,aumc,OK,2674,2674,5.0,1152.0
plt,hirid,OK,880,880,6.0,1115.0
plt,sic,OK,2124,2124,5.0,1055.0
wbc,miiv,OK,3293,3293,0.10000000149011612,250.0
wbc,mimic,OK,2901,2901,0.10000000149011612,337.0
wbc,eicu,OK,1833,1833,0.30000001192092896,54.400001525878906
wbc,aumc,OK,2352,2352,0.10000000149011612,92.69999694824219
wbc,hirid,OK,907,907,0.800000011920929,206.8000030517578
wbc,sic,OK,2127,2127,0.8199999928474426,71.37999725341797
po2,miiv,OK,1834,1834,40.0,547.0
po2,mimic,OK,2085,2085,40.0,563.0
po2,eicu,OK,636,636,42.0,528.0
po2,aumc,OK,7606,7606,40.0,534.0
po2,hirid,OK,1662,1662,41.29999923706055,449.0
po2,sic,OK,7862,7862,40.0,536.2999877929688
norepi_rate,miiv,OK,2710,2710,0.00985771231353283,1.4962265491485596
norepi_rate,mimic,OK,3058,3058,0.0,2.0125787258148193
norepi_rate,eicu,OK,1941,1941,0.0,2.793400764465332
norepi_rate,aumc,OK,7656,7656,0.0027777778450399637,2.217777729034424
norepi_rate,hirid,OK,1715,1715,0.0,0.35808464884757996
norepi_rate,sic,OK,6710,6710,0.0004000200133305043,1.0141987800598145
epi_rate,miiv,OK,290,290,0.009997256100177765,0.40255671739578247
epi_rate,mimic,OK,258,258,0.009982154704630375,1.0
epi_rate,eicu,OK,44,44,0.0,0.30000001192092896
epi_rate,aumc,OK,41,41,0.003921568859368563,1.3333333730697632
epi_rate,hirid,OK,409,409,0.0,0.36901354789733887
epi_rate,sic,OK,15,15,0.04172224923968315,1.0
dopa_rate,miiv,OK,249,249,1.501501441001892,20.394359588623047
dopa_rate,mimic,OK,613,613,0.0,20.0
dopa_rate,eicu,OK,290,290,0.0,50.0
dopa_rate,aumc,OK,1434,1434,0.0634920671582222,12.460000038146973
dopa_rate,hirid,NO_SRC,0,0,,
dopa_rate,sic,EMPTY,0,0,,
dobu_rate,miiv,OK,28,28,2.5002501010894775,5.174305438995361
dobu_rate,mimic,OK,123,123,0.0,20.0
dobu_rate,eicu,OK,200,200,0.1253782957792282,10.319303512573242
dobu_rate,aumc,OK,978,978,0.0793650820851326,7.843137264251709
dobu_rate,hirid,OK,808,808,0.0,8.429938316345215
dobu_rate,sic,OK,596,596,0.3787054419517517,6.666666507720947
vaso_ind,miiv,OK,444,444,1.0,1.0
vaso_ind,mimic,OK,2132,2132,1.0,1.0
vaso_ind,eicu,OK,793,793,1.0,1.0
vaso_ind,aumc,OK,669,669,1.0,1.0
vaso_ind,hirid,OK,791,791,1.0,1.0
vaso_ind,sic,OK,11670,11670,1.0,1.0
vent_ind,miiv,OK,8289,8289,1.0,1.0
vent_ind,mimic,OK,18484,18484,1.0,1.0
vent_ind,eicu,OK,26241,26241,1.0,1.0
vent_ind,aumc,OK,19955,19955,1.0,1.0
vent_ind,hirid,OK,6391,6391,1.0,1.0
vent_ind,sic,OK,9353,9353,1.0,1.0
fio2,miiv,OK,3732,3732,21.0,100.0
fio2,mimic,OK,3304,3304,21.0,100.0
fio2,eicu,OK,5456,5456,21.0,100.0
fio2,aumc,OK,17183,17183,21.0,100.0
fio2,hirid,OK,6564,6564,21.0,100.0
fio2,sic,OK,9058,9058,21.0,100.0
gcs,miiv,OK,7529,7529,3.0,15.0
gcs,mimic,OK,8037,8037,3.0,15.0
gcs,eicu,OK,5301,5301,3.0,15.0
gcs,aumc,OK,2582,2582,3.0,15.0
gcs,hirid,OK,5760,5760,3.0,15.0
gcs,sic,NO_SRC,0,0,,
urine,miiv,OK,13454,13454,0.0,1950.0
urine,mimic,OK,15590,15590,0.0,1940.0
urine,eicu,OK,7802,7802,0.0,2000.0
urine,aumc,OK,19821,19821,0.0,1250.0
urine,hirid,OK,8759,8759,0.0,2158.208740234375
urine,sic,OK,22393,22393,0.0,2000.0
sofa,miiv,OK,70592,70592,0.0,22.0
sofa,mimic,OK,76103,76103,0.0,18.0
sofa,eicu,OK,62476,62476,0.0,20.0
sofa,aumc,OK,101030,101030,0.0,21.0
sofa,hirid,OK,15747,15747,0.0,20.0
sofa,sic,OK,61791,61791,0.0,16.0
sep3,miiv,OK,99,99,1.0,1.0
sep3,mimic,OK,47,47,1.0,1.0
sep3,eicu,OK,18,18,1.0,1.0
sep3,aumc,OK,70,70,1.0,1.0
sep3,hirid,LIMIT,0,0,,
sep3,sic,LIMIT,0,0,,
death,miiv,OK,26,26,1.0,1.0
death,mimic,OK,44,44,1.0,1.0
death,eicu,OK,300,300,0.0,1.0
death,aumc,OK,94,94,1.0,1.0
death,hirid,OK,19,19,1.0,1.0
death,sic,OK,62,62,1.0,1.0
weight,miiv,OK,282,282,1.0,500.0
weight,mimic,OK,220,220,31.100000381469727,3120.0
weight,eicu,OK,281,281,40.79999923706055,167.0
weight,aumc,OK,291,291,50.0,120.0
weight,hirid,OK,274,274,45.0,140.0
weight,sic,OK,300,300,35.0,180.0
age,miiv,OK,300,300,18.0,91.0
age,mimic,OK,300,300,0.0,90.0
age,eicu,OK,300,300,17.0,90.0
age,aumc,OK,300,300,30.0,90.0
age,hirid,OK,300,300,20.0,90.0
age,sic,OK,300,300,20.0,90.0
